,team ID,Team Name,Checkpoint,Total Time,Split
0,285,NimKik Skulls,105,0:13:04,0:13:04
1,285,NimKik Skulls,126,0:27:33,0:14:29
2,285,NimKik Skulls,143,0:45:17,0:17:44
3,285,NimKik Skulls,103,1:11:47,0:26:30
4,285,NimKik Skulls,132,1:26:53,0:15:06
5,285,NimKik Skulls,140,1:41:00,0:14:07
6,285,NimKik Skulls,141,2:15:35,0:34:35
7,285,NimKik Skulls,110,2:30:45,0:15:10
8,285,NimKik Skulls,109,2:45:03,0:14:18
9,285,NimKik Skulls,111,2:49:09,0:04:06
10,285,NimKik Skulls,F,2:52:03,0:02:54
11,286,Team 3DZ,109,0:04:59,0:04:59
12,286,Team 3DZ,106,0:12:33,0:07:34
13,286,Team 3DZ,118,0:27:12,0:14:39
14,286,Team 3DZ,104,0:50:24,0:23:12
15,286,Team 3DZ,131,1:11:19,0:20:55
16,286,Team 3DZ,133,1:41:54,0:30:35
17,286,Team 3DZ,119,1:55:58,0:14:04
18,286,Team 3DZ,128,2:14:30,0:18:32
19,286,Team 3DZ,F,2:56:23,0:41:53
20,275,This is what happens Larry,109,0:02:27,0:02:27
21,275,This is what happens Larry,106,0:07:41,0:05:14
22,275,This is what happens Larry,118,0:17:00,0:09:19
23,275,This is what happens Larry,104,0:42:06,0:25:06
24,275,This is what happens Larry,129,1:01:55,0:19:49
25,275,This is what happens Larry,133,2:00:01,0:58:06
26,275,This is what happens Larry,128,2:24:06,0:24:05
27,275,This is what happens Larry,F,2:54:56,0:30:50
28,446,Farmers Insurance Racing,121,0:23:45,0:23:45
29,446,Farmers Insurance Racing,124,0:35:50,0:12:05
30,446,Farmers Insurance Racing,136,1:31:57,0:56:07
31,446,Farmers Insurance Racing,148,2:14:13,0:42:16
32,446,Farmers Insurance Racing,122,2:34:37,0:20:24
33,446,Farmers Insurance Racing,123,2:42:17,0:07:40
34,446,Farmers Insurance Racing,108,2:58:01,0:15:44
35,446,Farmers Insurance Racing,F,3:26:44,0:28:43
36,287,MudSkippers,109,0:03:57,0:03:57
37,287,MudSkippers,106,0:12:43,0:08:46
38,287,MudSkippers,118,2:32:51,2:20:08
39,287,MudSkippers,F,3:03:08,0:30:17
40,281,Team Wildman,110,0:07:03,0:07:03
41,281,Team Wildman,141,0:19:30,0:12:27
42,281,Team Wildman,102,0:34:40,0:15:10
43,281,Team Wildman,103,0:44:08,0:09:28
44,281,Team Wildman,132,0:59:40,0:15:32
45,281,Team Wildman,140,1:11:13,0:11:33
46,281,Team Wildman,137,1:34:34,0:23:21
47,281,Team Wildman,142,1:58:54,0:24:20
48,281,Team Wildman,F,3:02:38,1:03:44
49,276,Team Immelmann,105,0:19:25,0:19:25
50,276,Team Immelmann,126,0:41:17,0:21:52
51,276,Team Immelmann,103,1:02:56,0:21:39
52,276,Team Immelmann,127,1:57:27,0:54:31
53,276,Team Immelmann,106,2:31:50,0:34:23
54,276,Team Immelmann,109,2:40:33,0:08:43
55,276,Team Immelmann,111,2:47:38,0:07:05
56,276,Team Immelmann,F,2:52:15,0:04:37
57,290,Left Shark,110,0:16:31,0:16:31
58,290,Left Shark,141,0:34:59,0:18:28
59,290,Left Shark,103,1:31:34,0:56:35
60,290,Left Shark,127,2:01:47,0:30:13
61,290,Left Shark,106,2:40:09,0:38:22
62,290,Left Shark,109,2:46:55,0:06:46
63,290,Left Shark,F,2:53:07,0:06:12
64,295,Where's Waldo?,109,0:02:42,0:02:42
65,295,Where's Waldo?,107,0:10:08,0:07:26
66,295,Where's Waldo?,117,0:25:52,0:15:44
67,295,Where's Waldo?,101,1:54:30,1:28:38
68,295,Where's Waldo?,115,2:17:34,0:23:04
69,295,Where's Waldo?,112,2:26:29,0:08:55
70,295,Where's Waldo?,F,3:00:53,0:34:24
71,293,Team Atomic Ants,110,0:23:53,0:23:53
72,293,Team Atomic Ants,141,1:54:33,1:30:40
73,293,Team Atomic Ants,F,2:46:34,0:52:01
74,288,Fox River,110,0:19:36,0:19:36
75,288,Fox River,141,0:46:06,0:26:30
76,288,Fox River,102,1:21:46,0:35:40
77,288,Fox River,132,2:19:48,0:58:02
78,288,Fox River,F,3:32:17,1:12:29
79,288,Fox River,,,
80,291,Klokkerud from Norway,107,0:05:53,0:05:53
81,291,Klokkerud from Norway,117,0:15:36,0:09:43
82,291,Klokkerud from Norway,118,0:20:38,0:05:02
83,291,Klokkerud from Norway,129,0:40:28,0:19:50
84,291,Klokkerud from Norway,131,0:55:11,0:14:43
85,291,Klokkerud from Norway,133,1:14:23,0:19:12
86,291,Klokkerud from Norway,139,1:25:46,0:11:23
87,291,Klokkerud from Norway,150,1:40:35,0:14:49
88,291,Klokkerud from Norway,138,1:56:41,0:16:06
89,291,Klokkerud from Norway,149,2:12:28,0:15:47
90,291,Klokkerud from Norway,132,2:25:17,0:12:49
91,291,Klokkerud from Norway,110,2:45:46,0:20:29
92,291,Klokkerud from Norway,F,2:54:58,0:09:12
93,279,Jonestown,110,0:05:02,0:05:02
94,279,Jonestown,141,0:15:05,0:10:03
95,279,Jonestown,102,0:28:14,0:13:09
96,279,Jonestown,132,1:02:21,0:34:07
97,279,Jonestown,140,1:09:45,0:07:24
98,279,Jonestown,137,1:20:51,0:11:06
99,279,Jonestown,142,1:37:51,0:17:00
100,279,Jonestown,139,1:52:36,0:14:45
101,279,Jonestown,133,2:02:29,0:09:53
102,279,Jonestown,119,2:13:09,0:10:40
103,279,Jonestown,131,2:28:54,0:15:45
104,279,Jonestown,104,2:42:08,0:13:14
105,279,Jonestown,F,3:02:19,0:20:11
106,279,Jonestown,140,1:09:51,*140
107,278,The Doddering Gits,144,0:32:35,0:32:35
108,278,The Doddering Gits,101,0:48:30,0:15:55
109,278,The Doddering Gits,115,1:14:30,0:26:00
110,278,The Doddering Gits,112,1:26:09,0:11:39
111,278,The Doddering Gits,110,2:10:25,0:44:16
112,278,The Doddering Gits,109,2:35:13,0:24:48
113,278,The Doddering Gits,111,2:41:23,0:06:10
114,278,The Doddering Gits,F,2:45:03,0:03:40
115,289,Two of a Kind,107,0:11:24,0:11:24
116,289,Two of a Kind,117,0:35:47,0:24:23
117,289,Two of a Kind,118,1:00:18,0:24:31
118,289,Two of a Kind,106,2:34:14,1:33:56
119,289,Two of a Kind,109,2:41:31,0:07:17
120,289,Two of a Kind,111,2:47:40,0:06:09
121,289,Two of a Kind,F,2:51:44,0:04:04
122,292,John Hinderliter,110,0:09:25,0:09:25
123,292,John Hinderliter,141,0:22:20,0:12:55
124,292,John Hinderliter,102,0:40:00,0:17:40
125,292,John Hinderliter,103,0:50:32,0:10:32
126,292,John Hinderliter,140,1:17:35,0:27:03
127,292,John Hinderliter,137,1:33:30,0:15:55
128,292,John Hinderliter,139,2:08:50,0:35:20
129,292,John Hinderliter,133,2:28:25,0:19:35
130,292,John Hinderliter,109,3:14:48,0:46:23
131,292,John Hinderliter,F,3:17:33,0:02:45
132,277,Sherry   Shank,110,0:09:17,0:09:17
133,277,Sherry   Shank,127,0:44:15,0:34:58
134,277,Sherry   Shank,132,0:56:47,0:12:32
135,277,Sherry   Shank,140,1:13:07,0:16:20
136,277,Sherry   Shank,137,1:21:47,0:08:40
137,277,Sherry   Shank,128,1:46:12,0:24:25
138,277,Sherry   Shank,119,2:02:04,0:15:52
139,277,Sherry   Shank,106,2:47:38,0:45:34
140,277,Sherry   Shank,109,2:53:30,0:05:52
141,277,Sherry   Shank,F,2:56:09,0:02:39
142,280,Barbara Johnstone,119,1:56:14,1:56:14
143,280,Barbara Johnstone,F,2:57:11,1:00:57
144,284,Maptitude,109,0:03:12,0:03:12
145,284,Maptitude,107,0:09:13,0:06:01
146,284,Maptitude,118,0:24:36,0:15:23
147,284,Maptitude,104,0:49:29,0:24:53
148,284,Maptitude,129,1:30:40,0:41:11
149,284,Maptitude,131,1:43:18,0:12:38
150,284,Maptitude,119,1:57:20,0:14:02
151,284,Maptitude,128,2:13:18,0:15:58
152,284,Maptitude,106,2:40:04,0:26:46
153,284,Maptitude,111,2:55:10,0:15:06
154,284,Maptitude,F,2:57:45,0:02:35
155,452,Hail to the Chimp,109,0:01:37,0:01:37
156,452,Hail to the Chimp,106,0:05:09,0:03:32
157,452,Hail to the Chimp,118,0:10:46,0:05:37
158,452,Hail to the Chimp,104,0:24:07,0:13:21
159,452,Hail to the Chimp,129,0:32:21,0:08:14
160,452,Hail to the Chimp,131,0:40:21,0:08:00
161,452,Hail to the Chimp,133,0:52:43,0:12:22
162,452,Hail to the Chimp,119,1:01:14,0:08:31
163,452,Hail to the Chimp,128,1:09:39,0:08:25
164,452,Hail to the Chimp,137,1:21:02,0:11:23
165,452,Hail to the Chimp,142,1:31:24,0:10:22
166,452,Hail to the Chimp,139,1:38:50,0:07:26
167,452,Hail to the Chimp,150,1:46:49,0:07:59
168,452,Hail to the Chimp,130,1:54:07,0:07:18
169,452,Hail to the Chimp,114,1:57:51,0:03:44
170,452,Hail to the Chimp,138,2:07:44,0:09:53
171,452,Hail to the Chimp,149,2:17:52,0:10:08
172,452,Hail to the Chimp,140,2:30:16,0:12:24
173,452,Hail to the Chimp,132,2:38:00,0:07:44
174,452,Hail to the Chimp,127,2:48:08,0:10:08
175,452,Hail to the Chimp,141,2:57:43,0:09:35
176,452,Hail to the Chimp,102,3:07:58,0:10:15
177,452,Hail to the Chimp,126,3:18:41,0:10:43
178,452,Hail to the Chimp,143,3:25:39,0:06:58
179,452,Hail to the Chimp,125,3:44:08,0:18:29
180,452,Hail to the Chimp,115,4:00:38,0:16:30
181,452,Hail to the Chimp,120,4:08:14,0:07:36
182,452,Hail to the Chimp,134,4:18:06,0:09:52
183,452,Hail to the Chimp,135,4:30:26,0:12:20
184,452,Hail to the Chimp,113,4:32:00,0:01:34
185,452,Hail to the Chimp,145,4:40:09,0:08:09
186,452,Hail to the Chimp,146,4:49:24,0:09:15
187,452,Hail to the Chimp,124,5:03:46,0:14:22
188,452,Hail to the Chimp,136,5:16:14,0:12:28
189,452,Hail to the Chimp,123,5:29:14,0:13:00
190,452,Hail to the Chimp,144,5:48:24,0:19:10
191,452,Hail to the Chimp,F,6:02:51,0:14:27
192,438,Riley Jane,144,0:19:57,0:19:57
193,438,Riley Jane,101,0:29:40,0:09:43
194,438,Riley Jane,121,0:47:48,0:18:08
195,438,Riley Jane,124,0:56:38,0:08:50
196,438,Riley Jane,146,1:13:40,0:17:02
197,438,Riley Jane,145,1:26:31,0:12:51
198,438,Riley Jane,135,1:39:02,0:12:31
199,438,Riley Jane,113,1:43:04,0:04:02
200,438,Riley Jane,134,2:03:33,0:20:29
201,438,Riley Jane,120,2:19:06,0:15:33
202,438,Riley Jane,115,2:30:20,0:11:14
203,438,Riley Jane,112,2:35:57,0:05:37
204,438,Riley Jane,125,2:55:28,0:19:31
205,438,Riley Jane,126,3:12:55,0:17:27
206,438,Riley Jane,103,3:30:10,0:17:15
207,406,Finders Keepers,110,0:09:42,0:09:42
208,406,Finders Keepers,141,0:20:36,0:10:54
209,406,Finders Keepers,127,0:48:52,0:28:16
210,406,Finders Keepers,132,1:00:55,0:12:03
211,406,Finders Keepers,140,1:10:44,0:09:49
212,406,Finders Keepers,137,1:23:21,0:12:37
213,406,Finders Keepers,149,1:48:47,0:25:26
214,406,Finders Keepers,138,2:03:03,0:14:16
215,406,Finders Keepers,130,2:13:43,0:10:40
216,406,Finders Keepers,150,2:31:04,0:17:21
217,406,Finders Keepers,114,2:44:39,0:13:35
218,406,Finders Keepers,139,2:50:53,0:06:14
219,406,Finders Keepers,142,3:02:20,0:11:27
220,406,Finders Keepers,133,3:22:21,0:20:01
221,406,Finders Keepers,131,3:46:02,0:23:41
222,435,MK,109,0:02:07,0:02:07
223,435,MK,107,0:07:53,0:05:46
224,435,MK,117,0:25:11,0:17:18
225,435,MK,118,0:31:55,0:06:44
226,435,MK,104,0:50:29,0:18:34
227,435,MK,129,1:02:15,0:11:46
228,435,MK,131,1:16:21,0:14:06
229,435,MK,133,1:40:51,0:24:30
230,435,MK,142,2:04:44,0:23:53
231,435,MK,139,2:20:30,0:15:46
232,435,MK,150,2:35:03,0:14:33
233,435,MK,130,2:45:50,0:10:47
234,435,MK,138,2:57:14,0:11:24
235,435,MK,149,3:11:33,0:14:19
236,435,MK,137,3:32:46,0:21:13
237,422,Kevin Peterson,109,0:01:58,0:01:58
238,422,Kevin Peterson,106,0:06:42,0:04:44
239,422,Kevin Peterson,118,0:14:41,0:07:59
240,422,Kevin Peterson,104,0:37:12,0:22:31
241,422,Kevin Peterson,129,0:47:27,0:10:15
242,422,Kevin Peterson,131,1:06:42,0:19:15
243,422,Kevin Peterson,133,1:28:20,0:21:38
244,422,Kevin Peterson,139,1:41:00,0:12:40
245,422,Kevin Peterson,150,1:57:42,0:16:42
246,422,Kevin Peterson,130,2:11:36,0:13:54
247,422,Kevin Peterson,138,2:25:02,0:13:26
248,422,Kevin Peterson,149,2:42:13,0:17:11
249,422,Kevin Peterson,137,3:17:12,0:34:59
250,422,Kevin Peterson,140,3:31:33,0:14:21
251,422,Kevin Peterson,132,3:48:28,0:16:55
252,450,Strat-o-matic,110,0:12:11,0:12:11
253,450,Strat-o-matic,141,0:25:21,0:13:10
254,450,Strat-o-matic,127,0:52:36,0:27:15
255,450,Strat-o-matic,140,1:13:57,0:21:21
256,450,Strat-o-matic,137,1:30:03,0:16:06
257,450,Strat-o-matic,149,2:15:57,0:45:54
258,450,Strat-o-matic,138,2:37:39,0:21:42
259,450,Strat-o-matic,130,2:55:06,0:17:27
260,450,Strat-o-matic,114,3:02:07,0:07:01
261,450,Strat-o-matic,150,3:23:50,0:21:43
262,450,Strat-o-matic,139,3:48:02,0:24:12
263,450,Strat-o-matic,133,4:14:23,0:26:21
264,450,Strat-o-matic,119,4:35:15,0:20:52
265,450,Strat-o-matic,131,4:58:31,0:23:16
266,450,Strat-o-matic,104,5:16:42,0:18:11
267,415,Clint Hartle,144,0:16:30,0:16:30
268,415,Clint Hartle,116,0:31:29,0:14:59
269,415,Clint Hartle,101,1:00:47,0:29:18
270,415,Clint Hartle,118,1:29:58,0:29:11
271,415,Clint Hartle,133,2:02:07,0:32:09
272,415,Clint Hartle,139,2:11:28,0:09:21
273,415,Clint Hartle,150,2:53:06,0:41:38
274,415,Clint Hartle,130,3:05:02,0:11:56
275,415,Clint Hartle,138,3:16:29,0:11:27
276,415,Clint Hartle,149,3:29:49,0:13:20
277,415,Clint Hartle,132,3:48:02,0:18:13
278,415,Clint Hartle,103,4:00:11,0:12:09
279,415,Clint Hartle,126,4:23:58,0:23:47
280,415,Clint Hartle,143,4:35:40,0:11:42
281,415,Clint Hartle,105,5:20:43,0:45:03
282,408,Mountain Meisters,109,0:03:53,0:03:53
283,408,Mountain Meisters,107,0:10:20,0:06:27
284,408,Mountain Meisters,117,0:23:39,0:13:19
285,408,Mountain Meisters,118,0:31:08,0:07:29
286,408,Mountain Meisters,104,0:55:21,0:24:13
287,408,Mountain Meisters,131,1:14:42,0:19:21
288,408,Mountain Meisters,133,1:39:39,0:24:57
289,408,Mountain Meisters,119,1:56:22,0:16:43
290,408,Mountain Meisters,128,2:15:49,0:19:27
291,408,Mountain Meisters,127,2:42:04,0:26:15
292,408,Mountain Meisters,137,2:57:55,0:15:51
293,408,Mountain Meisters,140,3:08:42,0:10:47
294,408,Mountain Meisters,132,3:28:46,0:20:04
295,408,Mountain Meisters,103,3:50:25,0:21:39
296,408,Mountain Meisters,102,4:03:51,0:13:26
297,407,Gordon   Huang,144,0:25:33,0:25:33
298,407,Gordon   Huang,116,0:42:41,0:17:08
299,407,Gordon   Huang,108,1:07:41,0:25:00
300,407,Gordon   Huang,123,1:24:21,0:16:40
301,407,Gordon   Huang,122,1:43:34,0:19:13
302,407,Gordon   Huang,148,2:05:02,0:21:28
303,407,Gordon   Huang,147,2:34:55,0:29:53
304,407,Gordon   Huang,136,2:53:25,0:18:30
305,407,Gordon   Huang,121,3:20:31,0:27:06
306,407,Gordon   Huang,124,3:35:20,0:14:49
307,407,Gordon   Huang,146,4:18:34,0:43:14
308,407,Gordon   Huang,145,4:40:32,0:21:58
309,407,Gordon   Huang,F,5:57:26,1:16:54
310,433,Master Mart,115,0:44:50,0:44:50
311,433,Master Mart,112,1:04:06,0:19:16
312,433,Master Mart,120,1:51:01,0:46:55
313,433,Master Mart,134,2:13:01,0:22:00
314,433,Master Mart,135,3:29:56,1:16:55
315,433,Master Mart,113,3:34:49,0:04:53
316,433,Master Mart,145,3:57:35,0:22:46
317,433,Master Mart,146,4:24:25,0:26:50
318,433,Master Mart,F,5:53:47,1:29:22
319,444,Rev3 Ladies,110,0:04:26,0:04:26
320,444,Rev3 Ladies,141,0:13:38,0:09:12
321,444,Rev3 Ladies,144,0:39:36,0:25:58
322,444,Rev3 Ladies,101,0:47:50,0:08:14
323,444,Rev3 Ladies,108,1:00:57,0:13:07
324,444,Rev3 Ladies,123,1:11:23,0:10:26
325,444,Rev3 Ladies,122,1:19:18,0:07:55
326,444,Rev3 Ladies,148,1:33:20,0:14:02
327,444,Rev3 Ladies,147,1:47:35,0:14:15
328,444,Rev3 Ladies,136,1:58:05,0:10:30
329,444,Rev3 Ladies,121,2:13:19,0:15:14
330,444,Rev3 Ladies,124,2:22:03,0:08:44
331,444,Rev3 Ladies,146,2:41:21,0:19:18
332,444,Rev3 Ladies,145,2:52:34,0:11:13
333,444,Rev3 Ladies,135,3:02:36,0:10:02
334,444,Rev3 Ladies,113,3:05:18,0:02:42
335,444,Rev3 Ladies,134,3:23:17,0:17:59
336,444,Rev3 Ladies,120,3:36:46,0:13:29
337,444,Rev3 Ladies,115,3:48:47,0:12:01
338,444,Rev3 Ladies,112,3:53:41,0:04:54
339,444,Rev3 Ladies,125,4:12:25,0:18:44
340,444,Rev3 Ladies,126,4:32:15,0:19:50
341,444,Rev3 Ladies,143,4:40:48,0:08:33
342,444,Rev3 Ladies,103,5:02:27,0:21:39
343,444,Rev3 Ladies,132,5:20:24,0:17:57
344,444,Rev3 Ladies,109,5:56:03,0:35:39
345,444,Rev3 Ladies,F,5:58:04,0:02:01
346,445,Michelle Green,109,0:02:51,0:02:51
347,445,Michelle Green,106,0:07:19,0:04:28
348,445,Michelle Green,118,0:17:21,0:10:02
349,445,Michelle Green,104,0:37:20,0:19:59
350,445,Michelle Green,129,0:46:58,0:09:38
351,445,Michelle Green,131,1:02:31,0:15:33
352,445,Michelle Green,133,1:17:38,0:15:07
353,445,Michelle Green,119,1:25:39,0:08:01
354,445,Michelle Green,128,1:39:31,0:13:52
355,445,Michelle Green,137,1:56:47,0:17:16
356,445,Michelle Green,142,2:09:23,0:12:36
357,445,Michelle Green,139,2:22:12,0:12:49
358,445,Michelle Green,150,2:34:26,0:12:14
359,445,Michelle Green,130,2:44:47,0:10:21
360,445,Michelle Green,138,2:54:17,0:09:30
361,445,Michelle Green,149,3:11:24,0:17:07
362,445,Michelle Green,140,3:31:36,0:20:12
363,445,Michelle Green,132,3:40:24,0:08:48
364,445,Michelle Green,127,4:07:03,0:26:39
365,445,Michelle Green,103,4:23:47,0:16:44
366,445,Michelle Green,102,4:34:03,0:10:16
367,445,Michelle Green,141,4:52:20,0:18:17
368,445,Michelle Green,110,5:07:01,0:14:41
369,445,Michelle Green,107,5:32:38,0:25:37
370,445,Michelle Green,111,5:42:22,0:09:44
371,445,Michelle Green,F,5:44:41,0:02:19
372,427,Erin Rycroft,109,0:02:25,0:02:25
373,427,Erin Rycroft,107,0:10:14,0:07:49
374,427,Erin Rycroft,117,0:22:32,0:12:18
375,427,Erin Rycroft,129,0:49:29,0:26:57
376,427,Erin Rycroft,131,1:02:22,0:12:53
377,427,Erin Rycroft,133,1:26:44,0:24:22
378,427,Erin Rycroft,139,1:45:45,0:19:01
379,427,Erin Rycroft,142,2:04:41,0:18:56
380,427,Erin Rycroft,130,2:24:38,0:19:57
381,427,Erin Rycroft,114,2:29:39,0:05:01
382,427,Erin Rycroft,150,2:50:32,0:20:53
383,427,Erin Rycroft,138,3:10:05,0:19:33
384,427,Erin Rycroft,149,3:28:50,0:18:45
385,427,Erin Rycroft,137,3:56:31,0:27:41
386,427,Erin Rycroft,140,4:07:58,0:11:27
387,427,Erin Rycroft,132,4:19:58,0:12:00
388,427,Erin Rycroft,127,4:35:11,0:15:13
389,427,Erin Rycroft,111,5:35:33,1:00:22
390,427,Erin Rycroft,F,5:38:55,0:03:22
391,423,Lisa Storey,109,0:02:20,0:02:20
392,423,Lisa Storey,107,0:08:49,0:06:29
393,423,Lisa Storey,117,0:25:43,0:16:54
394,423,Lisa Storey,118,0:33:40,0:07:57
395,423,Lisa Storey,129,1:28:44,0:55:04
396,423,Lisa Storey,131,1:50:44,0:22:00
397,423,Lisa Storey,119,2:09:26,0:18:42
398,423,Lisa Storey,133,2:30:36,0:21:10
399,423,Lisa Storey,139,2:59:51,0:29:15
400,423,Lisa Storey,150,3:21:07,0:21:16
401,423,Lisa Storey,130,3:35:04,0:13:57
402,423,Lisa Storey,138,3:51:05,0:16:01
403,423,Lisa Storey,149,4:11:19,0:20:14
404,423,Lisa Storey,132,4:33:38,0:22:19
405,423,Lisa Storey,140,4:52:14,0:18:36
406,423,Lisa Storey,137,4:59:40,0:07:26
407,423,Lisa Storey,127,5:15:48,0:16:08
408,423,Lisa Storey,106,5:49:54,0:34:06
409,423,Lisa Storey,F,5:56:43,0:06:49
410,416,Wonderful Adventure Racers,144,0:23:16,0:23:16
411,416,Wonderful Adventure Racers,101,0:31:52,0:08:36
412,416,Wonderful Adventure Racers,108,0:45:49,0:13:57
413,416,Wonderful Adventure Racers,116,1:04:06,0:18:17
414,416,Wonderful Adventure Racers,123,1:19:51,0:15:45
415,416,Wonderful Adventure Racers,122,1:28:17,0:08:26
416,416,Wonderful Adventure Racers,148,1:41:56,0:13:39
417,416,Wonderful Adventure Racers,147,1:54:45,0:12:49
418,416,Wonderful Adventure Racers,136,2:01:43,0:06:58
419,416,Wonderful Adventure Racers,121,2:19:08,0:17:25
420,416,Wonderful Adventure Racers,124,2:34:00,0:14:52
421,416,Wonderful Adventure Racers,146,2:52:28,0:18:28
422,416,Wonderful Adventure Racers,145,3:03:08,0:10:40
423,416,Wonderful Adventure Racers,135,3:12:46,0:09:38
424,416,Wonderful Adventure Racers,113,3:14:41,0:01:55
425,416,Wonderful Adventure Racers,134,3:33:25,0:18:44
426,416,Wonderful Adventure Racers,120,3:47:56,0:14:31
427,416,Wonderful Adventure Racers,115,3:58:57,0:11:01
428,416,Wonderful Adventure Racers,112,4:04:30,0:05:33
429,416,Wonderful Adventure Racers,125,4:26:28,0:21:58
430,416,Wonderful Adventure Racers,126,4:48:35,0:22:07
431,416,Wonderful Adventure Racers,143,4:57:55,0:09:20
432,416,Wonderful Adventure Racers,103,5:15:07,0:17:12
433,416,Wonderful Adventure Racers,132,5:23:41,0:08:34
434,416,Wonderful Adventure Racers,141,5:44:25,0:20:44
435,416,Wonderful Adventure Racers,110,5:52:44,0:08:19
436,416,Wonderful Adventure Racers,F,6:01:00,0:08:16
437,459,American Adventure Sports Cycle Shop,144,0:19:47,0:19:47
438,459,American Adventure Sports Cycle Shop,101,0:26:52,0:07:05
439,459,American Adventure Sports Cycle Shop,116,0:39:39,0:12:47
440,459,American Adventure Sports Cycle Shop,108,0:51:36,0:11:57
441,459,American Adventure Sports Cycle Shop,123,1:02:01,0:10:25
442,459,American Adventure Sports Cycle Shop,122,1:10:16,0:08:15
443,459,American Adventure Sports Cycle Shop,148,1:22:55,0:12:39
444,459,American Adventure Sports Cycle Shop,147,1:36:51,0:13:56
445,459,American Adventure Sports Cycle Shop,136,1:51:54,0:15:03
446,459,American Adventure Sports Cycle Shop,121,2:07:26,0:15:32
447,459,American Adventure Sports Cycle Shop,124,2:19:33,0:12:07
448,459,American Adventure Sports Cycle Shop,146,2:37:20,0:17:47
449,459,American Adventure Sports Cycle Shop,145,2:49:24,0:12:04
450,459,American Adventure Sports Cycle Shop,135,3:02:06,0:12:42
451,459,American Adventure Sports Cycle Shop,113,3:05:24,0:03:18
452,459,American Adventure Sports Cycle Shop,134,3:25:00,0:19:36
453,459,American Adventure Sports Cycle Shop,120,3:44:24,0:19:24
454,459,American Adventure Sports Cycle Shop,125,4:13:16,0:28:52
455,459,American Adventure Sports Cycle Shop,126,4:37:39,0:24:23
456,459,American Adventure Sports Cycle Shop,143,4:53:15,0:15:36
457,459,American Adventure Sports Cycle Shop,103,5:12:35,0:19:20
458,459,American Adventure Sports Cycle Shop,102,5:24:10,0:11:35
459,459,American Adventure Sports Cycle Shop,110,5:43:10,0:19:00
460,459,American Adventure Sports Cycle Shop,F,5:51:52,0:08:42
461,410,Victorious Seekers,109,0:03:09,0:03:09
462,410,Victorious Seekers,106,0:09:52,0:06:43
463,410,Victorious Seekers,104,0:30:05,0:20:13
464,410,Victorious Seekers,129,0:45:24,0:15:19
465,410,Victorious Seekers,131,1:02:27,0:17:03
466,410,Victorious Seekers,133,1:22:18,0:19:51
467,410,Victorious Seekers,139,1:35:35,0:13:17
468,410,Victorious Seekers,142,1:52:25,0:16:50
469,410,Victorious Seekers,150,2:21:01,0:28:36
470,410,Victorious Seekers,130,2:35:28,0:14:27
471,410,Victorious Seekers,138,2:47:55,0:12:27
472,410,Victorious Seekers,149,3:03:45,0:15:50
473,410,Victorious Seekers,137,3:35:55,0:32:10
474,410,Victorious Seekers,140,3:44:28,0:08:33
475,410,Victorious Seekers,132,3:53:11,0:08:43
476,410,Victorious Seekers,143,4:34:00,0:40:49
477,410,Victorious Seekers,126,4:49:56,0:15:56
478,410,Victorious Seekers,103,5:05:30,0:15:34
479,410,Victorious Seekers,102,5:14:56,0:09:26
480,410,Victorious Seekers,141,5:32:08,0:17:12
481,410,Victorious Seekers,F,5:50:37,0:18:29
482,455,WeMo,109,0:02:13,0:02:13
483,455,WeMo,107,0:08:16,0:06:03
484,455,WeMo,117,0:25:33,0:17:17
485,455,WeMo,118,0:32:20,0:06:47
486,455,WeMo,129,0:57:38,0:25:18
487,455,WeMo,131,1:14:37,0:16:59
488,455,WeMo,133,1:38:29,0:23:52
489,455,WeMo,139,1:52:57,0:14:28
490,455,WeMo,142,2:17:50,0:24:53
491,455,WeMo,150,2:50:02,0:32:12
492,455,WeMo,130,3:04:53,0:14:51
493,455,WeMo,138,3:17:22,0:12:29
494,455,WeMo,149,3:37:40,0:20:18
495,455,WeMo,140,4:08:36,0:30:56
496,455,WeMo,137,4:16:59,0:08:23
497,455,WeMo,128,4:39:25,0:22:26
498,455,WeMo,127,4:55:18,0:15:53
499,455,WeMo,110,5:33:28,0:38:10
500,455,WeMo,F,5:43:13,0:09:45
501,419,Third Wheel,110,0:06:09,0:06:09
502,419,Third Wheel,141,0:18:34,0:12:25
503,419,Third Wheel,127,0:46:47,0:28:13
504,419,Third Wheel,128,1:04:45,0:17:58
505,419,Third Wheel,137,1:28:02,0:23:17
506,419,Third Wheel,140,1:37:53,0:09:51
507,419,Third Wheel,132,1:49:57,0:12:04
508,419,Third Wheel,149,2:12:42,0:22:45
509,419,Third Wheel,138,2:33:54,0:21:12
510,419,Third Wheel,130,2:52:31,0:18:37
511,419,Third Wheel,150,3:09:17,0:16:46
512,419,Third Wheel,139,3:36:41,0:27:24
513,419,Third Wheel,133,4:08:55,0:32:14
514,419,Third Wheel,119,4:28:31,0:19:36
515,419,Third Wheel,104,4:54:55,0:26:24
516,419,Third Wheel,106,5:25:30,0:30:35
517,419,Third Wheel,109,5:33:31,0:08:01
518,419,Third Wheel,111,5:40:29,0:06:58
519,419,Third Wheel,F,5:44:59,0:04:30
520,418,Buck n' Sunshine,144,0:22:26,0:22:26
521,418,Buck n' Sunshine,116,0:44:31,0:22:05
522,418,Buck n' Sunshine,122,1:09:08,0:24:37
523,418,Buck n' Sunshine,123,1:19:17,0:10:09
524,418,Buck n' Sunshine,148,1:40:57,0:21:40
525,418,Buck n' Sunshine,147,1:58:45,0:17:48
526,418,Buck n' Sunshine,136,2:10:52,0:12:07
527,418,Buck n' Sunshine,121,2:35:58,0:25:06
528,418,Buck n' Sunshine,124,2:55:47,0:19:49
529,418,Buck n' Sunshine,146,3:23:50,0:28:03
530,418,Buck n' Sunshine,145,3:43:55,0:20:05
531,418,Buck n' Sunshine,135,4:02:43,0:18:48
532,418,Buck n' Sunshine,113,4:04:54,0:02:11
533,418,Buck n' Sunshine,134,4:32:59,0:28:05
534,418,Buck n' Sunshine,110,5:28:16,0:55:17
535,418,Buck n' Sunshine,F,5:42:16,0:14:00
536,454,McFoxy's Revenge,105,0:17:23,0:17:23
537,454,McFoxy's Revenge,126,0:40:39,0:23:16
538,454,McFoxy's Revenge,143,1:07:26,0:26:47
539,454,McFoxy's Revenge,103,1:40:05,0:32:39
540,454,McFoxy's Revenge,132,1:56:44,0:16:39
541,454,McFoxy's Revenge,127,2:21:16,0:24:32
542,454,McFoxy's Revenge,137,2:51:44,0:30:28
543,454,McFoxy's Revenge,140,3:00:04,0:08:20
544,454,McFoxy's Revenge,149,3:28:20,0:28:16
545,454,McFoxy's Revenge,138,3:47:14,0:18:54
546,454,McFoxy's Revenge,150,4:14:14,0:27:00
547,454,McFoxy's Revenge,139,4:33:13,0:18:59
548,454,McFoxy's Revenge,133,4:58:27,0:25:14
549,454,McFoxy's Revenge,119,5:10:04,0:11:37
550,454,McFoxy's Revenge,106,5:38:51,0:28:47
551,454,McFoxy's Revenge,109,5:43:33,0:04:42
552,454,McFoxy's Revenge,111,5:46:52,0:03:19
553,454,McFoxy's Revenge,F,5:49:14,0:02:22
554,448,MZ,109,0:05:13,0:05:13
555,448,MZ,106,0:14:42,0:09:29
556,448,MZ,118,0:27:18,0:12:36
557,448,MZ,104,0:50:41,0:23:23
558,448,MZ,119,1:12:44,0:22:03
559,448,MZ,133,1:30:38,0:17:54
560,448,MZ,139,1:49:53,0:19:15
561,448,MZ,150,2:25:43,0:35:50
562,448,MZ,130,2:47:25,0:21:42
563,448,MZ,114,2:56:36,0:09:11
564,448,MZ,138,3:18:59,0:22:23
565,448,MZ,132,3:50:32,0:31:33
566,448,MZ,103,4:07:43,0:17:11
567,448,MZ,102,4:23:42,0:15:59
568,448,MZ,141,4:43:42,0:20:00
569,448,MZ,110,4:59:29,0:15:47
570,448,MZ,111,5:23:29,0:24:00
571,448,MZ,107,5:35:31,0:12:02
572,448,MZ,F,5:45:34,0:10:03
573,447,Not Our First Threesome,144,0:35:38,0:35:38
574,447,Not Our First Threesome,101,0:49:18,0:13:40
575,447,Not Our First Threesome,115,1:14:50,0:25:32
576,447,Not Our First Threesome,112,1:24:47,0:09:57
577,447,Not Our First Threesome,120,1:52:19,0:27:32
578,447,Not Our First Threesome,134,2:21:56,0:29:37
579,447,Not Our First Threesome,135,2:57:06,0:35:10
580,447,Not Our First Threesome,113,3:01:00,0:03:54
581,447,Not Our First Threesome,145,3:24:07,0:23:07
582,447,Not Our First Threesome,146,3:53:05,0:28:58
583,447,Not Our First Threesome,124,4:39:41,0:46:36
584,447,Not Our First Threesome,109,5:35:56,0:56:15
585,447,Not Our First Threesome,111,5:43:56,0:08:00
586,447,Not Our First Threesome,F,5:47:41,0:03:45
587,443,Will Orienteer for Beer,109,0:04:30,0:04:30
588,443,Will Orienteer for Beer,106,0:14:03,0:09:33
589,443,Will Orienteer for Beer,104,0:54:03,0:40:00
590,443,Will Orienteer for Beer,119,1:25:24,0:31:21
591,443,Will Orienteer for Beer,133,2:00:43,0:35:19
592,443,Will Orienteer for Beer,139,2:25:50,0:25:07
593,443,Will Orienteer for Beer,142,2:53:56,0:28:06
594,443,Will Orienteer for Beer,137,3:35:11,0:41:15
595,443,Will Orienteer for Beer,140,3:54:06,0:18:55
596,443,Will Orienteer for Beer,132,4:27:00,0:32:54
597,443,Will Orienteer for Beer,127,5:01:24,0:34:24
598,443,Will Orienteer for Beer,F,5:57:10,0:55:46
599,434,Honey Badgers,105,0:18:23,0:18:23
600,434,Honey Badgers,126,0:38:04,0:19:41
601,434,Honey Badgers,143,1:28:17,0:50:13
602,434,Honey Badgers,103,1:54:34,0:26:17
603,434,Honey Badgers,132,2:18:07,0:23:33
604,434,Honey Badgers,140,2:46:42,0:28:35
605,434,Honey Badgers,137,3:13:28,0:26:46
606,434,Honey Badgers,127,3:37:57,0:24:29
607,434,Honey Badgers,119,4:09:04,0:31:07
608,434,Honey Badgers,133,4:32:49,0:23:45
609,434,Honey Badgers,104,5:16:02,0:43:13
610,434,Honey Badgers,F,5:53:21,0:37:19
611,429,Thomas Rycroft,144,0:16:22,0:16:22
612,429,Thomas Rycroft,123,0:37:12,0:20:50
613,429,Thomas Rycroft,122,0:44:48,0:07:36
614,429,Thomas Rycroft,148,0:56:34,0:11:46
615,429,Thomas Rycroft,147,1:09:33,0:12:59
616,429,Thomas Rycroft,136,1:17:14,0:07:41
617,429,Thomas Rycroft,124,1:30:43,0:13:29
618,429,Thomas Rycroft,146,1:47:55,0:17:12
619,429,Thomas Rycroft,145,2:00:56,0:13:01
620,429,Thomas Rycroft,135,2:09:02,0:08:06
621,429,Thomas Rycroft,134,2:23:53,0:14:51
622,429,Thomas Rycroft,120,2:35:58,0:12:05
623,429,Thomas Rycroft,125,2:57:48,0:21:50
624,429,Thomas Rycroft,143,3:21:50,0:24:02
625,429,Thomas Rycroft,126,3:32:19,0:10:29
626,429,Thomas Rycroft,103,3:48:29,0:16:10
627,429,Thomas Rycroft,132,4:00:42,0:12:13
628,429,Thomas Rycroft,140,4:12:16,0:11:34
629,429,Thomas Rycroft,137,4:19:41,0:07:25
630,429,Thomas Rycroft,142,4:34:38,0:14:57
631,429,Thomas Rycroft,139,4:48:38,0:14:00
632,429,Thomas Rycroft,133,5:03:17,0:14:39
633,429,Thomas Rycroft,131,5:27:03,0:23:46
634,429,Thomas Rycroft,F,5:58:48,0:31:45
635,412,Wishin' I was Fishin',144,0:15:57,0:15:57
636,412,Wishin' I was Fishin',101,0:23:49,0:07:52
637,412,Wishin' I was Fishin',116,0:37:13,0:13:24
638,412,Wishin' I was Fishin',122,0:53:00,0:15:47
639,412,Wishin' I was Fishin',123,0:59:36,0:06:36
640,412,Wishin' I was Fishin',148,1:16:04,0:16:28
641,412,Wishin' I was Fishin',147,1:29:58,0:13:54
642,412,Wishin' I was Fishin',136,1:42:27,0:12:29
643,412,Wishin' I was Fishin',124,1:55:08,0:12:41
644,412,Wishin' I was Fishin',146,2:12:48,0:17:40
645,412,Wishin' I was Fishin',145,2:22:45,0:09:57
646,412,Wishin' I was Fishin',135,2:33:07,0:10:22
647,412,Wishin' I was Fishin',113,2:35:08,0:02:01
648,412,Wishin' I was Fishin',134,2:54:19,0:19:11
649,412,Wishin' I was Fishin',120,3:11:49,0:17:30
650,412,Wishin' I was Fishin',115,3:27:26,0:15:37
651,412,Wishin' I was Fishin',112,3:32:01,0:04:35
652,412,Wishin' I was Fishin',125,3:52:50,0:20:49
653,412,Wishin' I was Fishin',143,4:16:44,0:23:54
654,412,Wishin' I was Fishin',126,4:31:51,0:15:07
655,412,Wishin' I was Fishin',103,4:46:26,0:14:35
656,412,Wishin' I was Fishin',132,4:58:21,0:11:55
657,412,Wishin' I was Fishin',140,5:08:04,0:09:43
658,412,Wishin' I was Fishin',137,5:13:57,0:05:53
659,412,Wishin' I was Fishin',128,5:27:39,0:13:42
660,412,Wishin' I was Fishin',106,5:46:09,0:18:30
661,412,Wishin' I was Fishin',109,5:50:45,0:04:36
662,412,Wishin' I was Fishin',111,5:53:49,0:03:04
663,412,Wishin' I was Fishin',F,5:56:52,0:03:03
664,420,Grey   Michels,109,0:01:42,0:01:42
665,420,Grey   Michels,106,0:05:28,0:03:46
666,420,Grey   Michels,129,0:46:47,0:41:19
667,420,Grey   Michels,131,1:02:08,0:15:21
668,420,Grey   Michels,133,1:18:12,0:16:04
669,420,Grey   Michels,142,1:31:00,0:12:48
670,420,Grey   Michels,139,1:39:09,0:08:09
671,420,Grey   Michels,150,1:48:12,0:09:03
672,420,Grey   Michels,130,1:57:29,0:09:17
673,420,Grey   Michels,138,2:04:43,0:07:14
674,420,Grey   Michels,149,2:15:08,0:10:25
675,420,Grey   Michels,137,2:35:07,0:19:59
676,420,Grey   Michels,140,2:40:11,0:05:04
677,420,Grey   Michels,127,2:49:12,0:09:01
678,420,Grey   Michels,141,3:02:19,0:13:07
679,420,Grey   Michels,102,3:16:06,0:13:47
680,420,Grey   Michels,143,3:40:34,0:24:28
681,420,Grey   Michels,126,3:50:16,0:09:42
682,420,Grey   Michels,120,4:19:33,0:29:17
683,420,Grey   Michels,134,4:31:02,0:11:29
684,420,Grey   Michels,135,4:46:41,0:15:39
685,420,Grey   Michels,113,4:48:48,0:02:07
686,420,Grey   Michels,145,5:02:26,0:13:38
687,420,Grey   Michels,146,5:09:49,0:07:23
688,420,Grey   Michels,F,5:46:37,0:36:48
689,440,Jim Trautmann,144,0:15:49,0:15:49
690,440,Jim Trautmann,123,0:33:52,0:18:03
691,440,Jim Trautmann,122,0:42:27,0:08:35
692,440,Jim Trautmann,148,0:58:37,0:16:10
693,440,Jim Trautmann,147,1:09:12,0:10:35
694,440,Jim Trautmann,136,1:20:30,0:11:18
695,440,Jim Trautmann,124,1:30:38,0:10:08
696,440,Jim Trautmann,146,1:48:31,0:17:53
697,440,Jim Trautmann,145,2:00:50,0:12:19
698,440,Jim Trautmann,135,2:07:22,0:06:32
699,440,Jim Trautmann,134,2:24:45,0:17:23
700,440,Jim Trautmann,120,2:37:04,0:12:19
701,440,Jim Trautmann,115,2:51:31,0:14:27
702,440,Jim Trautmann,112,2:55:46,0:04:15
703,440,Jim Trautmann,143,3:27:55,0:32:09
704,440,Jim Trautmann,126,3:38:30,0:10:35
705,440,Jim Trautmann,132,4:00:45,0:22:15
706,440,Jim Trautmann,149,4:14:28,0:13:43
707,440,Jim Trautmann,140,4:31:55,0:17:27
708,440,Jim Trautmann,137,4:38:50,0:06:55
709,440,Jim Trautmann,128,5:00:34,0:21:44
710,440,Jim Trautmann,106,5:22:16,0:21:42
711,440,Jim Trautmann,109,5:26:47,0:04:31
712,440,Jim Trautmann,111,5:30:12,0:03:25
713,440,Jim Trautmann,F,5:32:56,0:02:44
714,426,Dan Beggs,109,0:02:05,0:02:05
715,426,Dan Beggs,106,0:06:20,0:04:15
716,426,Dan Beggs,118,0:17:27,0:11:07
717,426,Dan Beggs,104,0:37:01,0:19:34
718,426,Dan Beggs,129,0:46:29,0:09:28
719,426,Dan Beggs,131,1:02:02,0:15:33
720,426,Dan Beggs,119,1:12:10,0:10:08
721,426,Dan Beggs,133,1:25:37,0:13:27
722,426,Dan Beggs,139,1:35:58,0:10:21
723,426,Dan Beggs,150,1:47:03,0:11:05
724,426,Dan Beggs,130,1:56:49,0:09:46
725,426,Dan Beggs,138,2:05:41,0:08:52
726,426,Dan Beggs,149,2:18:18,0:12:37
727,426,Dan Beggs,132,2:37:28,0:19:10
728,426,Dan Beggs,140,2:47:40,0:10:12
729,426,Dan Beggs,137,2:53:57,0:06:17
730,426,Dan Beggs,127,3:13:34,0:19:37
731,426,Dan Beggs,103,3:30:45,0:17:11
732,426,Dan Beggs,143,3:51:44,0:20:59
733,426,Dan Beggs,126,4:05:27,0:13:43
734,426,Dan Beggs,105,4:20:42,0:15:15
735,426,Dan Beggs,115,4:40:46,0:20:04
736,426,Dan Beggs,112,4:46:23,0:05:37
737,426,Dan Beggs,101,5:06:07,0:19:44
738,426,Dan Beggs,144,5:15:33,0:09:26
739,426,Dan Beggs,111,5:39:07,0:23:34
740,426,Dan Beggs,F,5:41:39,0:02:32
741,458,Todd Pownell,109,0:02:11,0:02:11
742,458,Todd Pownell,107,0:08:24,0:06:13
743,458,Todd Pownell,118,0:28:03,0:19:39
744,458,Todd Pownell,117,0:34:55,0:06:52
745,458,Todd Pownell,106,0:50:52,0:15:57
746,458,Todd Pownell,104,1:05:30,0:14:38
747,458,Todd Pownell,129,1:17:00,0:11:30
748,458,Todd Pownell,131,1:29:51,0:12:51
749,458,Todd Pownell,119,1:39:48,0:09:57
750,458,Todd Pownell,128,1:53:53,0:14:05
751,458,Todd Pownell,133,2:25:14,0:31:21
752,458,Todd Pownell,139,2:34:33,0:09:19
753,458,Todd Pownell,150,2:46:36,0:12:03
754,458,Todd Pownell,130,2:57:51,0:11:15
755,458,Todd Pownell,114,3:03:24,0:05:33
756,458,Todd Pownell,138,3:16:49,0:13:25
757,458,Todd Pownell,149,3:29:54,0:13:05
758,458,Todd Pownell,132,3:42:54,0:13:00
759,458,Todd Pownell,140,4:00:20,0:17:26
760,458,Todd Pownell,137,4:07:33,0:07:13
761,458,Todd Pownell,127,4:20:46,0:13:13
762,458,Todd Pownell,141,4:33:52,0:13:06
763,458,Todd Pownell,110,4:47:28,0:13:36
764,458,Todd Pownell,144,5:18:33,0:31:05
765,458,Todd Pownell,111,5:42:16,0:23:43
766,458,Todd Pownell,F,5:45:26,0:03:10
767,430,JJ,109,0:02:02,0:02:02
768,430,JJ,107,0:06:46,0:04:44
769,430,JJ,117,0:15:40,0:08:54
770,430,JJ,118,0:25:24,0:09:44
771,430,JJ,104,0:42:17,0:16:53
772,430,JJ,129,1:10:43,0:28:26
773,430,JJ,131,1:20:01,0:09:18
774,430,JJ,133,1:41:01,0:21:00
775,430,JJ,139,1:49:41,0:08:40
776,430,JJ,142,2:01:35,0:11:54
777,430,JJ,150,2:22:36,0:21:01
778,430,JJ,130,2:34:34,0:11:58
779,430,JJ,138,2:45:06,0:10:32
780,430,JJ,149,3:02:52,0:17:46
781,430,JJ,132,3:20:49,0:17:57
782,430,JJ,140,3:31:51,0:11:02
783,430,JJ,137,3:40:09,0:08:18
784,430,JJ,127,3:53:18,0:13:09
785,430,JJ,141,4:10:17,0:16:59
786,430,JJ,110,4:20:28,0:10:11
787,430,JJ,144,4:49:12,0:28:44
788,430,JJ,106,5:19:44,0:30:32
789,430,JJ,F,5:27:35,0:07:51
790,451,Come Back Shane!,109,0:02:22,0:02:22
791,451,Come Back Shane!,106,0:08:00,0:05:38
792,451,Come Back Shane!,118,0:17:18,0:09:18
793,451,Come Back Shane!,117,0:23:58,0:06:40
794,451,Come Back Shane!,144,0:44:56,0:20:58
795,451,Come Back Shane!,101,0:58:15,0:13:19
796,451,Come Back Shane!,108,1:11:36,0:13:21
797,451,Come Back Shane!,123,1:24:32,0:12:56
798,451,Come Back Shane!,122,1:47:20,0:22:48
799,451,Come Back Shane!,148,2:00:07,0:12:47
800,451,Come Back Shane!,147,2:18:08,0:18:01
801,451,Come Back Shane!,136,2:28:17,0:10:09
802,451,Come Back Shane!,121,2:46:06,0:17:49
803,451,Come Back Shane!,124,2:55:37,0:09:31
804,451,Come Back Shane!,146,3:16:44,0:21:07
805,451,Come Back Shane!,145,3:27:23,0:10:39
806,451,Come Back Shane!,135,3:37:34,0:10:11
807,451,Come Back Shane!,113,3:39:59,0:02:25
808,451,Come Back Shane!,134,4:05:14,0:25:15
809,451,Come Back Shane!,120,4:21:07,0:15:53
810,451,Come Back Shane!,115,4:34:24,0:13:17
811,451,Come Back Shane!,112,4:40:09,0:05:45
812,451,Come Back Shane!,126,5:16:04,0:35:55
813,451,Come Back Shane!,143,5:24:09,0:08:05
814,451,Come Back Shane!,F,6:01:13,0:37:04
815,437,Ryan Knecht,109,0:02:08,0:02:08
816,437,Ryan Knecht,106,0:05:34,0:03:26
817,437,Ryan Knecht,104,0:20:04,0:14:30
818,437,Ryan Knecht,129,0:32:09,0:12:05
819,437,Ryan Knecht,131,0:40:15,0:08:06
820,437,Ryan Knecht,133,0:59:19,0:19:04
821,437,Ryan Knecht,139,1:10:11,0:10:52
822,437,Ryan Knecht,150,1:22:04,0:11:53
823,437,Ryan Knecht,130,1:32:30,0:10:26
824,437,Ryan Knecht,114,1:37:16,0:04:46
825,437,Ryan Knecht,138,1:50:11,0:12:55
826,437,Ryan Knecht,149,2:05:33,0:15:22
827,437,Ryan Knecht,132,2:20:14,0:14:41
828,437,Ryan Knecht,103,2:32:53,0:12:39
829,437,Ryan Knecht,143,2:52:27,0:19:34
830,437,Ryan Knecht,126,3:07:31,0:15:04
831,437,Ryan Knecht,105,3:23:16,0:15:45
832,437,Ryan Knecht,146,4:05:49,0:42:33
833,437,Ryan Knecht,145,4:18:13,0:12:24
834,437,Ryan Knecht,F,5:23:08,1:04:55
835,436,Over the Hills,110,0:12:25,0:12:25
836,436,Over the Hills,141,0:25:53,0:13:28
837,436,Over the Hills,102,0:45:56,0:20:03
838,436,Over the Hills,103,0:57:09,0:11:13
839,436,Over the Hills,127,1:24:10,0:27:01
840,436,Over the Hills,132,1:40:29,0:16:19
841,436,Over the Hills,140,1:51:58,0:11:29
842,436,Over the Hills,137,2:00:27,0:08:29
843,436,Over the Hills,149,2:23:24,0:22:57
844,436,Over the Hills,138,2:38:16,0:14:52
845,436,Over the Hills,130,2:52:09,0:13:53
846,436,Over the Hills,150,3:08:26,0:16:17
847,436,Over the Hills,114,3:26:53,0:18:27
848,436,Over the Hills,139,3:55:03,0:28:10
849,436,Over the Hills,133,4:13:56,0:18:53
850,436,Over the Hills,131,4:41:48,0:27:52
851,436,Over the Hills,129,5:10:23,0:28:35
852,436,Over the Hills,106,5:40:59,0:30:36
853,436,Over the Hills,F,5:53:00,0:12:01
854,405,Yaki   Barak,109,0:03:31,0:03:31
855,405,Yaki   Barak,106,0:11:09,0:07:38
856,405,Yaki   Barak,118,0:22:16,0:11:07
857,405,Yaki   Barak,117,0:33:29,0:11:13
858,405,Yaki   Barak,144,1:02:36,0:29:07
859,405,Yaki   Barak,101,1:16:28,0:13:52
860,405,Yaki   Barak,116,1:37:55,0:21:27
861,405,Yaki   Barak,123,2:06:33,0:28:38
862,405,Yaki   Barak,122,2:29:22,0:22:49
863,405,Yaki   Barak,148,2:52:40,0:23:18
864,405,Yaki   Barak,147,3:15:06,0:22:26
865,405,Yaki   Barak,136,3:27:27,0:12:21
866,405,Yaki   Barak,124,3:47:18,0:19:51
867,405,Yaki   Barak,146,4:17:27,0:30:09
868,405,Yaki   Barak,135,4:41:08,0:23:41
869,405,Yaki   Barak,113,4:43:33,0:02:25
870,405,Yaki   Barak,115,5:31:21,0:47:48
871,405,Yaki   Barak,F,5:59:22,0:28:01
872,428,Rust Belt Runners,144,0:26:50,0:26:50
873,428,Rust Belt Runners,101,0:47:16,0:20:26
874,428,Rust Belt Runners,108,1:15:07,0:27:51
875,428,Rust Belt Runners,123,1:47:35,0:32:28
876,428,Rust Belt Runners,122,2:01:02,0:13:27
877,428,Rust Belt Runners,148,2:24:14,0:23:12
878,428,Rust Belt Runners,147,2:52:16,0:28:02
879,428,Rust Belt Runners,136,3:07:15,0:14:59
880,428,Rust Belt Runners,124,3:46:11,0:38:56
881,428,Rust Belt Runners,121,4:03:31,0:17:20
882,428,Rust Belt Runners,115,4:35:08,0:31:37
883,428,Rust Belt Runners,106,5:26:08,0:51:00
884,428,Rust Belt Runners,109,5:33:45,0:07:37
885,428,Rust Belt Runners,111,5:40:33,0:06:48
886,428,Rust Belt Runners,F,5:44:03,0:03:30
887,457,Brian Buchan,109,0:15:32,0:15:32
888,457,Brian Buchan,111,0:20:17,0:04:45
889,457,Brian Buchan,107,0:31:27,0:11:10
890,457,Brian Buchan,117,1:05:19,0:33:52
891,457,Brian Buchan,118,1:18:06,0:12:47
892,457,Brian Buchan,106,1:31:54,0:13:48
893,457,Brian Buchan,104,2:21:57,0:50:03
894,457,Brian Buchan,129,2:42:52,0:20:55
895,457,Brian Buchan,131,3:01:31,0:18:39
896,457,Brian Buchan,119,3:19:18,0:17:47
897,457,Brian Buchan,133,3:43:22,0:24:04
898,457,Brian Buchan,128,4:06:57,0:23:35
899,457,Brian Buchan,127,4:37:22,0:30:25
900,457,Brian Buchan,103,4:53:03,0:15:41
901,457,Brian Buchan,102,5:04:06,0:11:03
902,457,Brian Buchan,141,5:19:23,0:15:17
903,457,Brian Buchan,110,5:32:17,0:12:54
904,457,Brian Buchan,F,5:45:21,0:13:04
905,411,Olga   Huber,109,0:01:52,0:01:52
906,411,Olga   Huber,106,0:06:13,0:04:21
907,411,Olga   Huber,104,0:21:54,0:15:41
908,411,Olga   Huber,129,0:37:20,0:15:26
909,411,Olga   Huber,131,0:48:04,0:10:44
910,411,Olga   Huber,133,1:04:32,0:16:28
911,411,Olga   Huber,142,1:22:36,0:18:04
912,411,Olga   Huber,139,1:35:11,0:12:35
913,411,Olga   Huber,150,1:46:56,0:11:45
914,411,Olga   Huber,130,1:56:42,0:09:46
915,411,Olga   Huber,138,2:05:17,0:08:35
916,411,Olga   Huber,149,2:20:40,0:15:23
917,411,Olga   Huber,132,2:31:27,0:10:47
918,411,Olga   Huber,140,2:40:24,0:08:57
919,411,Olga   Huber,137,2:45:50,0:05:26
920,411,Olga   Huber,128,3:01:04,0:15:14
921,411,Olga   Huber,127,3:12:56,0:11:52
922,411,Olga   Huber,141,3:29:04,0:16:08
923,411,Olga   Huber,121,4:06:01,0:36:57
924,411,Olga   Huber,124,4:12:39,0:06:38
925,411,Olga   Huber,136,4:25:33,0:12:54
926,411,Olga   Huber,147,4:36:08,0:10:35
927,411,Olga   Huber,148,4:50:39,0:14:31
928,411,Olga   Huber,123,5:09:38,0:18:59
929,411,Olga   Huber,144,5:32:21,0:22:43
930,411,Olga   Huber,F,5:53:27,0:21:06
931,413,WTF (Where's the Finish),109,0:03:37,0:03:37
932,413,WTF (Where's the Finish),106,0:09:44,0:06:07
933,413,WTF (Where's the Finish),118,0:18:24,0:08:40
934,413,WTF (Where's the Finish),104,1:00:00,0:41:36
935,413,WTF (Where's the Finish),133,1:41:32,0:41:32
936,413,WTF (Where's the Finish),119,1:57:10,0:15:38
937,413,WTF (Where's the Finish),127,2:41:00,0:43:50
938,413,WTF (Where's the Finish),137,3:03:47,0:22:47
939,413,WTF (Where's the Finish),140,3:21:27,0:17:40
940,413,WTF (Where's the Finish),132,3:43:11,0:21:44
941,413,WTF (Where's the Finish),103,4:00:45,0:17:34
942,413,WTF (Where's the Finish),102,4:13:51,0:13:06
943,413,WTF (Where's the Finish),141,4:36:45,0:22:54
944,413,WTF (Where's the Finish),110,5:09:22,0:32:37
945,413,WTF (Where's the Finish),F,5:24:16,0:14:54
946,414,Kathy Jo Rufener,109,0:02:49,0:02:49
947,414,Kathy Jo Rufener,106,0:10:49,0:08:00
948,414,Kathy Jo Rufener,118,0:20:23,0:09:34
949,414,Kathy Jo Rufener,107,0:43:27,0:23:04
950,414,Kathy Jo Rufener,101,1:47:21,1:03:54
951,414,Kathy Jo Rufener,115,2:04:44,0:17:23
952,414,Kathy Jo Rufener,112,2:10:41,0:05:57
953,414,Kathy Jo Rufener,120,2:38:30,0:27:49
954,414,Kathy Jo Rufener,134,2:55:27,0:16:57
955,414,Kathy Jo Rufener,113,3:24:56,0:29:29
956,414,Kathy Jo Rufener,135,3:57:16,0:32:20
957,414,Kathy Jo Rufener,141,5:17:55,1:20:39
958,414,Kathy Jo Rufener,110,5:35:43,0:17:48
959,414,Kathy Jo Rufener,111,5:54:12,0:18:29
960,414,Kathy Jo Rufener,F,5:57:01,0:02:49
961,401,BeeRingers,109,0:01:55,0:01:55
962,401,BeeRingers,107,0:06:42,0:04:47
963,401,BeeRingers,117,0:16:06,0:09:24
964,401,BeeRingers,118,0:21:17,0:05:11
965,401,BeeRingers,104,0:40:14,0:18:57
966,401,BeeRingers,129,0:51:42,0:11:28
967,401,BeeRingers,131,1:02:17,0:10:35
968,401,BeeRingers,119,1:13:57,0:11:40
969,401,BeeRingers,133,1:26:16,0:12:19
970,401,BeeRingers,139,1:36:17,0:10:01
971,401,BeeRingers,150,1:47:16,0:10:59
972,401,BeeRingers,130,1:57:48,0:10:32
973,401,BeeRingers,138,2:10:56,0:13:08
974,401,BeeRingers,149,2:25:41,0:14:45
975,401,BeeRingers,137,2:49:14,0:23:33
976,401,BeeRingers,140,2:56:37,0:07:23
977,401,BeeRingers,128,3:13:23,0:16:46
978,401,BeeRingers,127,3:27:37,0:14:14
979,401,BeeRingers,132,3:39:45,0:12:08
980,401,BeeRingers,103,3:52:14,0:12:29
981,401,BeeRingers,143,4:12:46,0:20:32
982,401,BeeRingers,126,4:30:22,0:17:36
983,401,BeeRingers,102,4:44:13,0:13:51
984,401,BeeRingers,141,4:58:46,0:14:33
985,401,BeeRingers,110,5:10:05,0:11:19
986,401,BeeRingers,106,5:25:35,0:15:30
987,401,BeeRingers,111,5:37:15,0:11:40
988,401,BeeRingers,F,5:40:02,0:02:47
989,431,IndyXpress,144,0:30:17,0:30:17
990,431,IndyXpress,123,1:03:06,0:32:49
991,431,IndyXpress,122,1:29:50,0:26:44
992,431,IndyXpress,148,1:45:13,0:15:23
993,431,IndyXpress,147,1:57:18,0:12:05
994,431,IndyXpress,136,2:05:21,0:08:03
995,431,IndyXpress,121,2:23:18,0:17:57
996,431,IndyXpress,124,2:34:23,0:11:05
997,431,IndyXpress,146,2:51:15,0:16:52
998,431,IndyXpress,145,3:02:10,0:10:55
999,431,IndyXpress,135,3:12:50,0:10:40
1000,431,IndyXpress,113,3:14:53,0:02:03
1001,431,IndyXpress,134,3:30:39,0:15:46
1002,431,IndyXpress,120,3:43:37,0:12:58
1003,431,IndyXpress,115,3:53:08,0:09:31
1004,431,IndyXpress,112,3:58:14,0:05:06
1005,431,IndyXpress,125,4:18:35,0:20:21
1006,431,IndyXpress,126,4:39:48,0:21:13
1007,431,IndyXpress,143,4:55:28,0:15:40
1008,431,IndyXpress,103,5:14:42,0:19:14
1009,431,IndyXpress,102,5:22:26,0:07:44
1010,431,IndyXpress,141,5:35:18,0:12:52
1011,431,IndyXpress,110,5:42:14,0:06:56
1012,431,IndyXpress,F,5:48:57,0:06:43
1013,453,Controlled Chaos,110,0:07:36,0:07:36
1014,453,Controlled Chaos,141,0:26:46,0:19:10
1015,453,Controlled Chaos,144,1:08:27,0:41:41
1016,453,Controlled Chaos,101,1:19:56,0:11:29
1017,453,Controlled Chaos,116,1:37:17,0:17:21
1018,453,Controlled Chaos,108,2:06:49,0:29:32
1019,453,Controlled Chaos,123,2:19:57,0:13:08
1020,453,Controlled Chaos,122,2:29:44,0:09:47
1021,453,Controlled Chaos,148,2:46:10,0:16:26
1022,453,Controlled Chaos,147,3:10:47,0:24:37
1023,453,Controlled Chaos,136,3:24:01,0:13:14
1024,453,Controlled Chaos,124,3:45:48,0:21:47
1025,453,Controlled Chaos,146,4:10:03,0:24:15
1026,453,Controlled Chaos,135,4:29:59,0:19:56
1027,453,Controlled Chaos,113,4:33:51,0:03:52
1028,453,Controlled Chaos,134,4:59:21,0:25:30
1029,453,Controlled Chaos,115,5:29:34,0:30:13
1030,453,Controlled Chaos,F,5:57:18,0:27:44
1031,442,Team Shangle,109,0:03:47,0:03:47
1032,442,Team Shangle,106,0:12:55,0:09:08
1033,442,Team Shangle,104,0:51:23,0:38:28
1034,442,Team Shangle,129,1:25:05,0:33:42
1035,442,Team Shangle,131,1:47:15,0:22:10
1036,442,Team Shangle,119,2:25:39,0:38:24
1037,442,Team Shangle,133,2:55:21,0:29:42
1038,442,Team Shangle,139,3:14:22,0:19:01
1039,442,Team Shangle,150,3:45:23,0:31:01
1040,442,Team Shangle,130,4:12:43,0:27:20
1041,442,Team Shangle,114,4:25:47,0:13:04
1042,442,Team Shangle,127,5:08:41,0:42:54
1043,442,Team Shangle,F,5:50:01,0:41:20
1044,432,Jerry Agin,109,0:03:01,0:03:01
1045,432,Jerry Agin,107,0:09:21,0:06:20
1046,432,Jerry Agin,117,0:28:26,0:19:05
1047,432,Jerry Agin,118,0:36:34,0:08:08
1048,432,Jerry Agin,129,0:58:27,0:21:53
1049,432,Jerry Agin,131,1:08:18,0:09:51
1050,432,Jerry Agin,119,1:32:49,0:24:31
1051,432,Jerry Agin,133,1:49:39,0:16:50
1052,432,Jerry Agin,139,2:03:30,0:13:51
1053,432,Jerry Agin,150,2:24:11,0:20:41
1054,432,Jerry Agin,130,2:37:49,0:13:38
1055,432,Jerry Agin,114,2:43:50,0:06:01
1056,432,Jerry Agin,138,3:00:21,0:16:31
1057,432,Jerry Agin,149,3:16:39,0:16:18
1058,432,Jerry Agin,132,3:33:39,0:17:00
1059,432,Jerry Agin,140,3:49:04,0:15:25
1060,432,Jerry Agin,137,3:55:36,0:06:32
1061,432,Jerry Agin,142,4:13:13,0:17:37
1062,432,Jerry Agin,128,4:48:07,0:34:54
1063,432,Jerry Agin,127,5:04:26,0:16:19
1064,432,Jerry Agin,141,5:37:36,0:33:10
1065,432,Jerry Agin,110,5:49:16,0:11:40
1066,432,Jerry Agin,F,5:59:33,0:10:17
1067,456,Brian Ottinger,109,0:02:17,0:02:17
1068,456,Brian Ottinger,107,0:09:40,0:07:23
1069,456,Brian Ottinger,117,0:25:55,0:16:15
1070,456,Brian Ottinger,118,0:32:15,0:06:20
1071,456,Brian Ottinger,106,1:10:54,0:38:39
1072,456,Brian Ottinger,104,1:34:27,0:23:33
1073,456,Brian Ottinger,129,1:50:25,0:15:58
1074,456,Brian Ottinger,131,2:10:53,0:20:28
1075,456,Brian Ottinger,119,2:24:23,0:13:30
1076,456,Brian Ottinger,128,2:39:33,0:15:10
1077,456,Brian Ottinger,133,3:06:18,0:26:45
1078,456,Brian Ottinger,139,3:20:42,0:14:24
1079,456,Brian Ottinger,142,3:36:01,0:15:19
1080,456,Brian Ottinger,150,3:59:15,0:23:14
1081,456,Brian Ottinger,130,4:13:21,0:14:06
1082,456,Brian Ottinger,138,4:25:19,0:11:58
1083,456,Brian Ottinger,149,4:41:47,0:16:28
1084,456,Brian Ottinger,137,5:08:16,0:26:29
1085,456,Brian Ottinger,140,5:15:53,0:07:37
1086,456,Brian Ottinger,132,5:25:54,0:10:01
1087,456,Brian Ottinger,F,6:05:04,0:39:10
1088,421,Charles Borchart,109,0:03:16,0:03:16
1089,421,Charles Borchart,107,0:09:34,0:06:18
1090,421,Charles Borchart,117,0:22:54,0:13:20
1091,421,Charles Borchart,118,0:37:14,0:14:20
1092,421,Charles Borchart,104,1:15:15,0:38:01
1093,421,Charles Borchart,129,1:46:53,0:31:38
1094,421,Charles Borchart,131,2:17:39,0:30:46
1095,421,Charles Borchart,119,2:35:09,0:17:30
1096,421,Charles Borchart,133,2:53:11,0:18:02
1097,421,Charles Borchart,139,3:05:22,0:12:11
1098,421,Charles Borchart,150,3:28:05,0:22:43
1099,421,Charles Borchart,130,3:40:55,0:12:50
1100,421,Charles Borchart,114,3:49:39,0:08:44
1101,421,Charles Borchart,140,4:22:31,0:32:52
1102,421,Charles Borchart,127,4:49:37,0:27:06
1103,421,Charles Borchart,106,5:26:04,0:36:27
1104,421,Charles Borchart,111,5:39:51,0:13:47
1105,421,Charles Borchart,F,5:45:50,0:05:59
1106,417,Richard Davies,109,0:03:40,0:03:40
1107,417,Richard Davies,106,0:10:15,0:06:35
1108,417,Richard Davies,118,0:23:09,0:12:54
1109,417,Richard Davies,104,0:53:13,0:30:04
1110,417,Richard Davies,129,1:29:38,0:36:25
1111,417,Richard Davies,131,2:02:33,0:32:55
1112,417,Richard Davies,133,2:38:58,0:36:25
1113,417,Richard Davies,139,2:56:08,0:17:10
1114,417,Richard Davies,150,3:24:14,0:28:06
1115,417,Richard Davies,130,3:49:52,0:25:38
1116,417,Richard Davies,138,4:14:21,0:24:29
1117,417,Richard Davies,132,4:55:41,0:41:20
1118,417,Richard Davies,F,6:37:24,1:41:43
1119,409,Nightcrawlers,110,0:08:13,0:08:13
1120,409,Nightcrawlers,141,0:23:05,0:14:52
1121,409,Nightcrawlers,102,0:40:20,0:17:15
1122,409,Nightcrawlers,126,0:58:27,0:18:07
1123,409,Nightcrawlers,143,1:10:41,0:12:14
1124,409,Nightcrawlers,103,1:33:07,0:22:26
1125,409,Nightcrawlers,132,1:49:24,0:16:17
1126,409,Nightcrawlers,127,2:07:11,0:17:47
1127,409,Nightcrawlers,140,2:21:39,0:14:28
1128,409,Nightcrawlers,137,2:29:18,0:07:39
1129,409,Nightcrawlers,149,2:57:52,0:28:34
1130,409,Nightcrawlers,138,3:16:25,0:18:33
1131,409,Nightcrawlers,130,3:32:18,0:15:53
1132,409,Nightcrawlers,150,3:46:00,0:13:42
1133,409,Nightcrawlers,139,4:02:29,0:16:29
1134,409,Nightcrawlers,142,4:17:44,0:15:15
1135,409,Nightcrawlers,133,4:53:37,0:35:53
1136,409,Nightcrawlers,131,5:14:55,0:21:18
1137,409,Nightcrawlers,106,5:49:11,0:34:16
1138,409,Nightcrawlers,109,5:55:21,0:06:10
1139,409,Nightcrawlers,F,5:58:08,0:02:47
1140,439,Rhumb Runners,109,0:03:34,0:03:34
1141,439,Rhumb Runners,107,0:09:04,0:05:30
1142,439,Rhumb Runners,117,0:25:15,0:16:11
1143,439,Rhumb Runners,118,0:31:12,0:05:57
1144,439,Rhumb Runners,104,0:51:06,0:19:54
1145,439,Rhumb Runners,129,1:24:00,0:32:54
1146,439,Rhumb Runners,131,2:16:30,0:52:30
1147,439,Rhumb Runners,119,2:38:49,0:22:19
1148,439,Rhumb Runners,133,2:53:16,0:14:27
1149,439,Rhumb Runners,139,3:05:31,0:12:15
1150,439,Rhumb Runners,150,3:27:32,0:22:01
1151,439,Rhumb Runners,130,3:39:52,0:12:20
1152,439,Rhumb Runners,138,3:55:05,0:15:13
1153,439,Rhumb Runners,149,4:16:11,0:21:06
1154,439,Rhumb Runners,132,4:33:06,0:16:55
1155,439,Rhumb Runners,127,4:49:22,0:16:16
1156,439,Rhumb Runners,128,5:12:43,0:23:21
1157,439,Rhumb Runners,106,5:49:49,0:37:06
1158,439,Rhumb Runners,F,5:56:34,0:06:45
